A,Hooking functions,SetWindowsHookExW,UnhookWindowsHookEx,SetWindowsHookExA,CallNextHookEx,SetWindowsHookA,SetWindowsHookW,CallMsgFilterA,,,,,,,,,,,,,,,,,,,,,,,,,,,,,,,,,,,,,,,,,,,,,,,,,,,,,,,,,,,,,,,,,,,,,,,,,,,,,,,,,,,,,,,,,,,,,,,,,,,,,,,,,,,,,,,,,,,,,,,,,,,,,,,,,,,,,,,,,,,,,,,,,,,,,,,,,,,,,,,,,,,,,,,,,,,,,,,,,,,,,,,,,,,,,,,,,,,,,,,,,,,,,,,,,,,
B,Files and directories,GetSystemDirectoryA,GetModuleFileNameA,GetWindowsDirectoryW,FindFirstFileExW,FindFirstFileA,SearchPathW,CreateFileW,WriteFile,GetSystemDirectoryW,GetFullPathNameW,SetFilePointer,CoCreateGuid,CreateFileMappingA,GetFullPathNameA,OpenFileMappingA,GetTempPathW,GetTempPathA,GetTempFileNameW,GetTempFileNameA,SetFileAttributesW,SetFileAttributesA,DeleteFileW,DeleteFileA,CreateDirectoryW,CreateDirectoryA,FindFirstFileW,GetCurrentDirectoryA,SetCurrentDirectoryA,GetWindowsDirectoryA,GetFileSize,GetFileAttributesA,FindNextFileW,FindNextFileA,GetParent,RemoveDirectoryW,RemoveDirectoryA,GetBinaryTypeW,_lclose,CopyFileW,GetVolumeInformationW,OpenFile,SetEndOfFile,LockFile,UnlockFileEx,UnlockFile,GetShortPathNameW,SetCurrentDirectoryW,OleDuplicateData,GetFileAttributesExW,GetShortPathNameA,GetFileInformationByHandle,FlushFileBuffers,MoveFileA,GetFileAttributesExA,_lopen,_hread,_llseek,_lcreat,_hwrite,MoveFileExA,CreateFileMoniker,MkParseDisplayName,CreateDirectoryExW,CreateDirectoryExA,MoveFileW,SetStdHandle,GetMetaFileA,ReadFileEx,GetBinaryTypeA,DefineDosDeviceW,DefineDosDeviceA,MoveFileExW,GetFileType,GetModuleFileNameW,GetFileAttributesW,OpenFileMappingW,GetCurrentDirectoryW,CopyMetaFileW,CopyMetaFileA,FindFirstFileExA,CopyFileExA,GetEnhMetaFileW,GetEnhMetaFileA,GetEnhMetaFileDescriptionA,WriteFileEx,,,,,,,,,,,,,,,,,,,,,,,,,,,,,,,,,,,,,,,,,,,,,,,,,,,,,,,,,,,,,,,,,,,,,,,,,,,,,,,,,,,,,,,,,,,,,,,,,,,,,,,,,,,,,,,,,,,,,,,,,,,,,,,,,,,,,
C,Reg operations,,,,,,,,,,,,,,,,,,,,,,,,,,,,,,,,,,,,,,,,,,,,,,,,,,,,,,,,,,,,,,,,,,,,,,,,,,,,,,,,,,,,,,,,,,,,,,,,,,,,,,,,,,,,,,,,,,,,,,,,,,,,,,,,,,,,,,,,,,,,,,,,,,,,,,,,,,,,,,,,,,,,,,,,,,,,,,,,,,,,,,,,,,,,,,,,,,,,,,,,,,,,,,,,,,,,,,,,,,
D,Synchronization,CreateSemaphoreW,CreateSemaphoreA,WaitForSingleObjectEx,WaitForSingleObject,ReleaseSemaphore,CreateMutexW,ReleaseMutex,WaitForMultipleObjectsEx,WaitForMultipleObjects,CreateMutexA,OpenMutexW,OpenMutexA,CreateEventA,ResetEvent,SetEvent,OpenEventA,MsgWaitForMultipleObjects,OpenSemaphoreA,OpenSemaphoreW,SignalObjectAndWait,PulseEvent,,,,,,,,,,,,,,,,,,,,,,,,,,,,,,,,,,,,,,,,,,,,,,,,,,,,,,,,,,,,,,,,,,,,,,,,,,,,,,,,,,,,,,,,,,,,,,,,,,,,,,,,,,,,,,,,,,,,,,,,,,,,,,,,,,,,,,,,,,,,,,,,,,,,,,,,,,,,,,,,,,,,,,,,,,,,,,,,,,,,,,,,,,,,,,,,,,,,,
E,Memory allocation,LocalAlloc,CreateFileMappingW,VirtualAllocEx,GlobalAlloc,VirtualFreeEx,GlobalLock,GlobalUnlock,GlobalReAlloc,GlobalFree,GlobalMemoryStatus,HeapLock,HeapUnlock,LocalUnlock,CoGetMalloc,CoTaskMemAlloc,CoTaskMemFree,CoTaskMemRealloc,LocalReAlloc,ReadProcessMemory,WriteProcessMemory,GlobalHandle,LocalLock,PropVariantClear,ReleaseStgMedium,FlushViewOfFile,GetCompressedFileSizeW,CoFreeUnusedLibraries,LocalFlags,CoDisconnectObject,GlobalFlags,EraseTape,GetCompressedFileSizeA,GetHGlobalFromILockBytes,LocalFree,MapViewOfFile,UnmapViewOfFile,SetClassWord,GetTapeParameters,,,,,,,,,,,,,,,,,,,,,,,,,,,,,,,,,,,,,,,,,,,,,,,,,,,,,,,,,,,,,,,,,,,,,,,,,,,,,,,,,,,,,,,,,,,,,,,,,,,,,,,,,,,,,,,,,,,,,,,,,,,,,,,,,,,,,,,,,,,,,,,,,,,,,,,,,,,,,,,,,,,,,,,,,,,,,,,,,,,,
F,Page Info,IsDBCSLeadByte,VirtualQueryEx,VirtualProtectEx,IsValidCodePage,GetKBCodePage,IsDBCSLeadByteEx,AreFileApisANSI,SetFileApisToANSI,SetFileApisToOEM,GetACP,GetCPInfo,EndPage,EnumSystemCodePagesW,,,,,,,,,,,,,,,,,,,,,,,,,,,,,,,,,,,,,,,,,,,,,,,,,,,,,,,,,,,,,,,,,,,,,,,,,,,,,,,,,,,,,,,,,,,,,,,,,,,,,,,,,,,,,,,,,,,,,,,,,,,,,,,,,,,,,,,,,,,,,,,,,,,,,,,,,,,,,,,,,,,,,,,,,,,,,,,,,,,,,,,,,,,,,,,,,,,,,,,,,,,,,
G,Data exchange,GlobalAddAtomW,RegisterClipboardFormatA,GlobalAddAtomA,GetPrivateProfileStringW,GetPrivateProfileIntW,GetPrivateProfileSectionW,GlobalGetAtomNameA,GlobalFindAtomA,FindAtomA,AddAtomA,GetAtomNameA,WritePrivateProfileStructA,WritePrivateProfileStringA,CancelIo,GlobalFindAtomW,GetPrivateProfileStringA,GetPrivateProfileIntA,GetProfileIntA,GetProfileIntW,GetPrivateProfileStructA,WritePrivateProfileStructW,DdePostAdvise,PostQueuedCompletionStatus,GetQueuedCompletionStatus,IsClipboardFormatAvailable,GetProfileStringA,GlobalDeleteAtom,DeleteAtom,OpenClipboard,EmptyClipboard,CloseClipboard,SetClipboardViewer,FindAtomW,AddAtomW,GetClipboardViewer,GetRunningObjectTable,DdeGetLastError,DdeUninitialize,GetProfileSectionW,InitAtomTable,GetAtomNameW,PackDDElParam,UnpackDDElParam,FreeDDElParam,EnumClipboardFormats,GetPrivateProfileSectionNamesA,GetPrivateProfileSectionA,GetOpenClipboardWindow,SetClipboardData,GetClipboardData,QueryDosDeviceA,OleFlushClipboard,CountClipboardFormats,ImpersonateDdeClientWindow,CreateMailslotW,CreateMailslotA,GetClipboardOwner,SetMailslotInfo,WriteProfileSectionW,WritePrivateProfileSectionA,GetProfileSectionA,WritePrivateProfileSectionW,WritePrivateProfileStringW,GetMailslotInfo,OleGetClipboard,DdeDisconnect,DdeSetQualityOfService,CoIsOle1Class,OleSetContainedObject,GlobalGetAtomNameW,,,,,,,,,,,,,,,,,,,,,,,,,,,,,,,,,,,,,,,,,,,,,,,,,,,,,,,,,,,,,,,,,,,,,,,,,,,,,,,,,,,,,,,,,,,,,,,,,,,,,,,,,,,,,,,,,,,,,,,,,,,,,,,,,,,,,,,,,,,,,,,,,,,,
H,Menu and other resources,lstrcpynW,LoadCursorW,LockResource,LoadIconW,LookupIconIdFromDirectoryEx,LoadIconA,LoadImageW,LoadImageA,FindResourceW,SizeofResource,GetIconInfo,VerLanguageNameW,VerLanguageNameA,FindResourceA,FindResourceExA,GetCursorPos,CreateIcon,LoadMenuIndirectA,LoadMenuW,GetSystemMenu,FreeResource,EnumResourceLanguagesW,EnumResourceLanguagesA,EnumResourceNamesA,EnumResourceTypesA,LoadStringW,lstrcpyA,lstrcpynA,CompareStringA,lstrcmpA,lstrcpyW,lstrcmpiW,CharPrevW,lstrcatW,CharLowerBuffW,CharLowerW,CharUpperBuffW,CharNextW,lstrcmpW,lstrcmpiA,CharLowerBuffA,CharLowerA,CharPrevA,GetTextExtentPointW,IsBadWritePtr,OemToCharA,CharUpperBuffA,CharUpperA,GetMenu,DestroyMenu,DrawIconEx,EnableMenuItem,DeleteMenu,CopyImage,DestroyCursor,GetMenuCheckMarkDimensions,CreateAcceleratorTableW,LoadAcceleratorsW,TranslateAcceleratorW,IsCharLowerA,EnumResourceNamesW,EnumResourceTypesW,DdeCmpStringHandles,PropVariantCopy,AppendMenuA,SetMenu,IsCharAlphaNumericA,IsWindowUnicode,SetCaretPos,LoadCursorFromFileW,HideCaret,ShowCaret,IsBadStringPtrA,CreateIconFromResourceEx,CharToOemBuffA,CopyIcon,BeginUpdateResourceW,BeginUpdateResourceA,UpdateResourceW,UpdateResourceA,IsMenu,LoadAcceleratorsA,CharToOemA,DestroyAcceleratorTable,IsCharUpperA,CreatePopupMenu,InsertMenuW,GetMenuDefaultItem,SetMenuDefaultItem,GetMenuItemID,CreateMenu,EndUpdateResourceW,EndUpdateResourceA,LoadMenuA,DrawMenuBar,IsCharAlphaA,GetCursor,IsCharAlphaW,ShowCursor,FoldStringW,CreateIconIndirect,CreateAcceleratorTableA,AppendMenuW,IsCharAlphaNumericW,GetCaretPos,CheckMenuItem,GetClipCursor,CharToOemW,InsertMenuItemA,InsertMenuItemW,GetNumberFormatW,CompareStringW,FoldStringA,lstrlenW,CharUpperW,TrackPopupMenuEx,TrackPopupMenu,TranslateAcceleratorA,DrawIcon,CreateCaret,GetMenuItemCount,IsCharUpperW,OemToCharBuffA,IsAccelerator,CharNextExA,DestroyCaret,GetMenuState,IsCharLowerW,LoadCursorFromFileA,RemoveMenu,MenuItemFromPoint,,,,,,,,,,,,,,,,,,,,,,,,,,,,,,,,,,,,,,,,,,,,,,,,,,,,,,,,,,,,,,,,,,,,,,,,,,,,,,,,,,,,,,,
I,Library load,LoadLibraryExW,LoadLibraryW,FreeLibrary,,,,,,,,,,,,,,,,,,,,,,,,,,,,,,,,,,,,,,,,,,,,,,,,,,,,,,,,,,,,,,,,,,,,,,,,,,,,,,,,,,,,,,,,,,,,,,,,,,,,,,,,,,,,,,,,,,,,,,,,,,,,,,,,,,,,,,,,,,,,,,,,,,,,,,,,,,,,,,,,,,,,,,,,,,,,,,,,,,,,,,,,,,,,,,,,,,,,,,,,,,,,,,,,,,,,,,,
J,Device Info,GetDeviceCaps,ReleaseDC,GetStockObject,GetComputerNameA,GetVersion,GetProcessVersion,GetComputerNameW,CreateDCA,GetSystemDefaultLCID,IsWindow,DefWindowProcW,GetDriveTypeW,GetUserDefaultLCID,ConvertDefaultLocale,IsValidLocale,GetViewportExtEx,CreateCompatibleBitmap,SaveDC,SelectPalette,RestoreDC,CreateCompatibleDC,DeleteDC,GetUserDefaultLangID,GetSystemDefaultLangID,GetDiskFreeSpaceW,GetLogicalDrives,GetDriveTypeA,EnumSystemLocalesA,GetDCEx,SetLocaleInfoW,GetDiskFreeSpaceA,GetVolumeInformationA,GetDiskFreeSpaceExW,GetDiskFreeSpaceExA,gethostname,GetLogicalDriveStringsA,CreateICA,QueryDosDeviceW,CloseMetaFile,CreateICW,CreateMetaFileW,CreateMetaFileA,GetMiterLimit,EnumSystemLocalesW,GetSystemPowerStatus,AbortPath,StartPage,EndPath,GetBkColor,SetLocaleInfoA,GetVersionExW,GetVersionExA,GetSystemInfo,GetLogicalDriveStringsW,CreateDCW,GetDCOrgEx,SetComputerNameW,CancelDC,SetVolumeLabelW,SetVolumeLabelA,,,,,,,,,,,,,,,,,,,,,,,,,,,,,,,,,,,,,,,,,,,,,,,,,,,,,,,,,,,,,,,,,,,,,,,,,,,,,,,,,,,,,,,,,,,,,,,,,,,,,,,,,,,,,,,,,,,,,,,,,,,,,,,,,,,,,,,,,,,,,,,,,,,,,,,,,,,,,,
K,windows,GetSysColor,RegisterClassW,RegisterClassExW,UnregisterClassW,GetProcessWindowStation,EndDeferWindowPos,GetWindowDC,FindWindowA,RegisterClassExA,GetPropW,GetWindowLongW,GetClassLongW,SetPropW,CreateWindowExW,GetWindowExtEx,RegisterClassA,GetClassInfoExA,DefWindowProcA,SystemParametersInfoA,GetClassInfoExW,TranslateCharsetInfo,GetClassInfoW,CreateWindowExA,GetWindow,SetWindowPos,ShowWindow,SetWindowLongA,SetWindowTextA,GetForegroundWindow,DefDlgProcA,GetMessageExtraInfo,SetFocus,GetClassLongA,CallWindowProcA,GetWindowLongA,GetPropA,SetPropA,GetClassNameW,RemovePropW,CallWindowProcW,PeekMessageA,CloseWindowStation,AdjustWindowRectEx,SetWindowContextHelpId,EnumThreadWindows,GetQueueStatus,DestroyWindow,DefDlgProcW,GetInputState,PostThreadMessageA,SetWindowLongW,PeekMessageW,EnumChildWindows,FindWindowW,SendMessageW,IsIconic,IsZoomed,GetDlgItem,IsWindowVisible,GetWindowTextW,BringWindowToTop,SendMessageA,GetMessageW,DispatchMessageW,DefFrameProcA,SendNotifyMessageW,TranslateMessage,PostQuitMessage,UnregisterClassA,GetWindowTextLengthA,GetWindowTextA,GetClassNameA,SetClassLongA,GetTopWindow,GetDesktopWindow,GetDlgCtrlID,PostMessageW,GetClassWord,BeginDeferWindowPos,TranslateMDISysAccel,DefMDIChildProcW,DispatchMessageA,EnumWindows,CreateDialogParamA,PostMessageA,WindowFromPoint,SetDlgItemTextA,MoveWindow,MessageBoxExA,MessageBoxA,SetWindowWord,SetParent,SendDlgItemMessageA,DeferWindowPos,RegisterDragDrop,RemovePropA,GetLastActivePopup,GetWindowTextLengthW,SetWindowTextW,SetForegroundWindow,SetClassLongW,IsChild,EndDialog,DialogBoxParamW,FindWindowExA,GetWindowContextHelpId,EnumPropsA,OpenIcon,SetMessageExtraInfo,AdjustWindowRect,SendNotifyMessageA,DefMDIChildProcA,CloseWindow,InSendMessage,MessageBoxExW,MessageBoxW,DialogBoxParamA,GetWindowWord,FindWindowExW,GetMessagePos,ArrangeIconicWindows,GetWindowPlacement,CreateDialogParamW,PostThreadMessageW,EnumPropsExA,EnumPropsExW,GetMenuContextHelpId,CascadeWindows,SetWindowPlacement,GetNextDlgGroupItem,CallMsgFilterW,SendMessageTimeoutA,BroadcastSystemMessageW,,,,,,,,,,,,,,,,,,,,,,,,,,,,,,,,,,,,,,,,,,,,,,,,,,,,,,,,,,,,,,,,,,,,,,,,,,,,,,,,,,,,,
L,font,CreateFontIndirectA,GetSysColorBrush,FormatMessageA,CreateFontIndirectW,CreatePatternBrush,LoadCursorA,GetTextAlign,GetTextCharacterExtra,GetTextMetricsA,GetOutlineTextMetricsW,GetTextFaceW,GetFontData,GetTextMetricsW,SetBkColor,SetTextColor,SetDIBitsToDevice,SetDIBits,CreateDIBitmap,CreateBitmap,BitBlt,InflateRect,CreatePalette,SetStretchBltMode,GetDIBColorTable,StretchDIBits,ExtFloodFill,LoadBitmapW,GetTextCharsetInfo,CreateRectRgn,GetClipRgn,IntersectClipRect,GetMapMode,EnumFontFamiliesExW,GetCurrencyFormatA,GetBitmapBits,GetWindowRect,MapWindowPoints,SetBkMode,CreatePen,ClientToScreen,SetBrushOrgEx,UnrealizeObject,ExtSelectClipRgn,DrawTextExW,GetFontLanguageInfo,SetRectEmpty,EnumFontsW,PtInRect,OffsetRect,MapDialogRect,CopyRect,CreateSolidBrush,GetGlyphOutlineW,GetGlyphOutlineA,SetRect,IsRectEmpty,GdiFlush,GetTextCharset,GetClientRect,RedrawWindow,GetTextExtentPoint32W,InvalidateRect,ScreenToClient,ExtCreateRegion,OffsetRgn,CombineRgn,CreateRectRgnIndirect,SetWindowRgn,LockWindowUpdate,EnumDisplaySettingsA,GetDIBits,SetPixel,SetPixelV,GetPixel,Ellipse,LineTo,Chord,ExtTextOutW,EnumFontFamiliesW,SetICMMode,UpdateWindow,GetCurrentPositionEx,GetBkMode,SetTextAlign,MoveToEx,DPtoLP,CreateHalftonePalette,GetPaletteEntries,GetSystemPaletteEntries,ExcludeUpdateRgn,IntersectRect,GetCharABCWidthsA,CreateRoundRectRgn,EndPaint,EnumFontFamiliesA,EqualRect,MaskBlt,PtVisible,EnumFontFamiliesExA,DrawAnimatedRects,PatBlt,InvertRect,SubtractRect,GetOutlineTextMetricsA,ExcludeClipRect,SelectClipRgn,CreateDIBSection,CreateBrushIndirect,SetBitmapBits,LPtoDP,GetTextColor,SetGraphicsMode,DeleteColorSpace,Rectangle,GetBitmapDimensionEx,SetDIBColorTable,SetMapMode,UnionRect,FillRect,DrawEdge,CreateEllipticRgn,GdiGetBatchLimit,SetEnhMetaFileBits,CreateScalableFontResourceA,GetEnhMetaFilePixelFormat,UpdateICMRegKeyW,CreateBitmapIndirect,GetCharWidthA,SetROP2,RoundRect,WidenPath,LoadBitmapA,ChangeDisplaySettingsExA,ChangeDisplaySettingsA,ArcTo,GetStretchBltMode,GetDialogBaseUnits,AddFontResourceA,GetRasterizerCaps,GetMetaFileW,UpdateICMRegKeyA,CreateHatchBrush,PaintDesktop,SetRectRgn,SetPolyFillMode,ResizePalette,ChangeDisplaySettingsExW,Pie,GetNearestColor,SetTextJustification,GetColorSpace,CreateDIBPatternBrush,ExtTextOutA,DrawTextExA,DrawTextA,CreateFontA,GetViewportOrgEx,RealizePalette,SetWindowOrgEx,GetCharWidth32A,GetROP2,SetMetaRgn,SetPaletteEntries,GetNearestPaletteIndex,FrameRgn,GetWindowRgn,FloodFill,BeginPaint,GetUpdateRect,RectVisible,SetSysColors,TextOutW,FillPath,AnimatePalette,EnumObjects,GetCharABCWidthsFloatW,SelectClipPath,CreateColorSpaceA,GetMenuItemRect,GetBoundsRect,GetClipBox,GetDeviceGammaRamp,CheckColorsInGamut,AngleArc,DrawFocusRect,FillRgn,PtInRegion,ScaleViewportExtEx,SetViewportOrgEx,SetArcDirection,SetMapperFlags,PolyBezierTo,OffsetClipRgn,PlayMetaFile,GetUpdateRgn,RemoveFontResourceA,CreatePolygonRgn,GetCharWidth32W,CreateScalableFontResourceW,AddFontResourceW,GetTabbedTextExtentA,CombineTransform,CreateFontW,GetCharacterPlacementW,Arc,DrawCaption,RemoveFontResourceW,PolyBezier,InvalidateRgn,FrameRect,GetTextFaceA,TextOutA,UpdateColors,StretchBlt,CreateColorSpaceW,GetRgnBox,SetBitmapDimensionEx,DrawEscape
M,Processenv,GetCommandLineA,GetStartupInfoA,DuplicateHandle,SleepEx,Sleep,SetNamedPipeHandleState,TransactNamedPipe,CreateProcessA,GetOverlappedResult,GetPriorityClass,ExpandEnvironmentStringsA,CreateProcessW,GetThreadContext,GetEnvironmentVariableA,FreeEnvironmentStringsA,OpenProcess,IsBadHugeReadPtr,SetEnvironmentVariableA,GetExitCodeProcess,WaitForInputIdle,MsgWaitForMultipleObjectsEx,IsBadCodePtr,SetProcessAffinityMask,etEnvironmentStrings,WinExec,GetProcessWorkingSetSize,IsBadHugeWritePtr,,GetHandleInformation,SetEnvironmentVariableW,GetProcessAffinityMask,SetPriorityClass,WinHelpA,SetHandleInformation,TerminateProcess,,,SetProcessShutdownParameters,,,SetProcessPriorityBoost,GetProcessHeaps,CoGetCurrentProcess,,GetCurrentProcessId,GetEnvironmentStringsW,FreeEnvironmentStringsW,IsProcessorFeaturePresent,GetEnvironmentVariableW,ExpandEnvironmentStringsW,GetWindowThreadProcessId,GetStartupInfoW,GetCommandLineW,SetProcessWorkingSetSize,GetNamedPipeHandleStateW,ConnectNamedPipe,,,,,,,,,,,,,,,,,,,,,,,,,,,,,,,,,,,,,,,,,,,,,,,,,,,,,,,,,,,,,,,,,,,,,,,,,,,,,,,,,,,,,,,,,,,,,,,,,,,,,,,,,,,,,,,,,,,,,,,,,,,,,,,,,,,,,,,,,,,,,,,,,,,,,,,,,,,,,,,,,,
N,sockets,WSAStartup,WSASocketW,WSASocketA,setsockopt,closesocket,socket,inet_addr,WSALookupServiceBeginW,SALookupServiceBeginA,WSALookupServiceNextW,WSALookupServiceNextA,WSALookupServiceEnd,gethostbyname,htons,connect,htonl,inet_ntoa,bind,getsockname,listen,getprotobynumber,WSAStringToAddressW,WSARecvFrom,WSASendTo,WSAIoctl,ioctlsocket,WSAAccept,accept,select,shutdown,WSAStringToAddressA,recv,send,sendto,__WSAFDIsSet,recvfrom,getservbyname,getservbyport,WSACreateEvent,getprotobyname,gethostbyaddr,getsockopt,WSADuplicateSocketW,WSAAsyncSelect,,,,,,,,,,,,,,,,,,,,,,,,,,,,,,,,,,,,,,,,,,,,,,,,,,,,,,,,,,,,,,,,,,,,,,,,,,,,,,,,,,,,,,,,,,,,,,,,,,,,,,,,,,,,,,,,,,,,,,,,,,,,,,,,,,,,,,,,,,,,,,,,,,,,,,,,,,,,,,,,,,,,,,,,,,,,,,
O,time/calendar,GetLocalTime,EnumCalendarInfoA,CreateIoCompletionPort,SystemTimeToFileTime,SetFileTime,GetSystemTime,EnumCalendarInfoW,FileTimeToSystemTime,GetFileTime,CompareFileTime,GetTimeZoneInformation,GetSystemTimeAdjustment,CreateWaitableTimerW,CreateWaitableTimerA,SetWaitableTimer,SetTimer,KillTimer,DosDateTimeToFileTime,LocalFileTimeToFileTime,GetDateFormatW,GetTimeFormatW,QueryPerformanceFrequency,EnumTimeFormatsA,EnumTimeFormatsW,SetCaretBlinkTime,CancelWaitableTimer,GetThreadTimes,SystemTimeToTzSpecificLocalTime,EnumDateFormatsA,SetSystemTime,GetDateFormatA,GetTimeFormatA,GetMessageTime,GetTickCount,GetSystemTimeAsFileTime,QueryPerformanceCounter,OpenWaitableTimerW,GetProcessTimes,SendMessageTimeoutW,SetLocalTime,CoDosDateTimeToFileTime,CoFileTimeNow,GetCaretBlinkTime,EnumDateFormatsW,OpenWaitableTimerA,,,,,,,,,,,,,,,,,,,,,,,,,,,,,,,,,,,,,,,,,,,,,,,,,,,,,,,,,,,,,,,,,,,,,,,,,,,,,,,,,,,,,,,,,,,,,,,,,,,,,,,,,,,,,,,,,,,,,,,,,,,,,,,,,,,,,,,,,,,,,,,,,,,,,,,,,,,,,,,,,,,,,,,,,,,,,
P,checks,IsDebuggerPresent,IsBadStringPtrW,IsBadReadPtr,,,,,,,,,,,,,,,,,,,,,,,,,,,,,,,,,,,,,,,,,,,,,,,,,,,,,,,,,,,,,,,,,,,,,,,,,,,,,,,,,,,,,,,,,,,,,,,,,,,,,,,,,,,,,,,,,,,,,,,,,,,,,,,,,,,,,,,,,,,,,,,,,,,,,,,,,,,,,,,,,,,,,,,,,,,,,,,,,,,,,,,,,,,,,,,,,,,,,,,,,,,,,,,,,,,,,,,
Q,Window Stations and Desktops,GetUserObjectInformationA,GetUserObjectInformationW,OpenDesktopW,OpenWindowStationA,OpenWindowStationW,SetProcessWindowStation,OpenInputDesktop,CloseDesktop,SetThreadDesktop,EnumDesktopWindows,EnumDesktopsW,CreateDesktopA,SwitchDesktop,CreateWindowStationA,OpenDesktopA,,,,,,,,,,,,,,,,,,,,,,,,,,,,,,,,,,,,,,,,,,,,,,,,,,,,,,,,,,,,,,,,,,,,,,,,,,,,,,,,,,,,,,,,,,,,,,,,,,,,,,,,,,,,,,,,,,,,,,,,,,,,,,,,,,,,,,,,,,,,,,,,,,,,,,,,,,,,,,,,,,,,,,,,,,,,,,,,,,,,,,,,,,,,,,,,,,,,,,,,,,,
R,thread info,CoInitializeEx,GetThreadLocale,GetThreadDesktop,CoRegisterMessageFilter,CreateRemoteThread,CreateThread,SetThreadLocale,SetThreadAffinityMask,SetThreadPriority,ResumeThread,SuspendThread,ExitThread,TerminateThread,SetThreadContext,GetExitCodeThread,GetThreadPriority,AttachThreadInput,QueueUserAPC,ConvertThreadToFiber,SetThreadPriorityBoost,GetThreadPriorityBoost,GetCurrentThreadId,GetThreadSelectorEntry,CreateFiber,,,,,,,,,,,,,,,,,,,,,,,,,,,,,,,,,,,,,,,,,,,,,,,,,,,,,,,,,,,,,,,,,,,,,,,,,,,,,,,,,,,,,,,,,,,,,,,,,,,,,,,,,,,,,,,,,,,,,,,,,,,,,,,,,,,,,,,,,,,,,,,,,,,,,,,,,,,,,,,,,,,,,,,,,,,,,,,,,,,,,,,,,,,,,,,,,,
S,objects,CoCreateInstanceEx,GetObjectType,GetCurrentObject,GetObjectA,SelectObject,DeleteObject,GetObjectW,CoRegisterClassObject,CreateBindCtx,LocalSize,CoInitialize,CoUninitialize,CoInitializeSecurity,CoGetTreatAsClass,CoCreateInstance,StgCreateDocfile,GlobalSize,OleUninitialize,CoGetMarshalSizeMax,CoMarshalInterface,CoUnmarshalInterface,CoQueryProxyBlanket,CoGetClassObject,OleSaveToStream,CoGetCallContext,CreateStreamOnHGlobal,CoSetProxyBlanket,CoCreateFreeThreadedMarshaler,StgOpenAsyncDocfileOnIFillLockBytes,CoMarshalHresult,DoDragDrop,RevokeDragDrop,OleQueryCreateFromData,CoRevokeClassObject,OleSetMenuDescriptor,OleDraw,OleSave,CoGetStdMarshalEx,CoIsHandlerConnected,ReadClassStg,CoResumeClassObjects,CreateEventW,CloseHandle,StringFromGUID2,StgOpenStorage,OleRun,StringFromIID,GetClassFile,OleRegGetUserType,WriteFmtUserTypeStg,CoGetStandardMarshal,StgIsStorageFile,CoUnmarshalHresult,,,,,,,,,,,,,,,,,,,,,,,,,,,,,,,,,,,,,,,,,,,,,,,,,,,,,,,,,,,,,,,,,,,,,,,,,,,,,,,,,,,,,,,,,,,,,,,,,,,,,,,,,,,,,,,,,,,,,,,,,,,,,,,,,,,,,,,,,,,,,,,,,,,,,,,,,,,,,,,,,,,,,
T,error handling,SetErrorMode,RaiseException,OutputDebugStringA,DebugActiveProcess,WaitForDebugEvent,ContinueDebugEvent,SetUnhandledExceptionFilter,,,,,,,,,,,,,,,,,,,,,,,,,,,,,,,,,,,,,,,,,,,,,,,,,,,,,,,,,,,,,,,,,,,,,,,,,,,,,,,,,,,,,,,,,,,,,,,,,,,,,,,,,,,,,,,,,,,,,,,,,,,,,,,,,,,,,,,,,,,,,,,,,,,,,,,,,,,,,,,,,,,,,,,,,,,,,,,,,,,,,,,,,,,,,,,,,,,,,,,,,,,,,,,,,,,
U,key board and mouse,GetKeyboardType,GetKeyboardLayout,MapVirtualKeyW,UnregisterHotKey,GetActiveWindow,GetKeyboardLayoutNameA,VkKeyScanA,GetFocus,SetCursor,GetKeyboardLayoutList,EnableWindow,MapVirtualKeyA,GetKeyState,OutputDebugStringW,GetCapture,GetScrollInfo,GetDoubleClickTime,SetScrollInfo,SetScrollRange,IsWindowEnabled,ActivateKeyboardLayout,EnableScrollBar,SetActiveWindow,UnloadKeyboardLayout,IsDlgButtonChecked,CheckDlgButton,SetCapture,SetScrollPos,GetAsyncKeyState,RegisterHotKey,ShowScrollBar,LoadKeyboardLayoutW,LoadKeyboardLayoutA,ToUnicodeEx,ToUnicode,ToAscii,MapVirtualKeyExW,VkKeyScanW,GetKeyboardState,keybd_event,GetScrollRange,,,,,,,,,,,,,,,,,,,,,,,,,,,,,,,,,,,,,,,,,,,,,,,,,,,,,,,,,,,,,,,,,,,,,,,,,,,,,,,,,,,,,,,,,,,,,,,,,,,,,,,,,,,,,,,,,,,,,,,,,,,,,,,,,,,,,,,,,,,,,,,,,,,,,,,,,,,,,,,,,,,,,,,,,,,,,,,,,
V,Console,SetConsoleCursorPosition,WriteConsoleW,GetConsoleCP,SetConsoleCP,WriteConsoleA,FreeConsole,SetConsoleTextAttribute,GetNumberOfConsoleMouseButtons,PeekConsoleInputA,GetNumberOfConsoleInputEvents,SetConsoleCtrlHandler,SetConsoleTitleA,GetConsoleMode,SetConsoleMode,FlushConsoleInputBuffer,SetConsoleActiveScreenBuffer,CreateConsoleScreenBuffer,SetConsoleScreenBufferSize,GetStdHandle,GetConsoleTitleA,SetConsoleOutputCP,ReadConsoleInputW,GetConsoleTitleW,FillConsoleOutputAttribute,mouse_event,AllocConsole,ReadConsoleInputA,PeekConsoleInputW,,,,,,,,,,,,,,,,,,,,,,,,,,,,,,,,,,,,,,,,,,,,,,,,,,,,,,,,,,,,,,,,,,,,,,,,,,,,,,,,,,,,,,,,,,,,,,,,,,,,,,,,,,,,,,,,,,,,,,,,,,,,,,,,,,,,,,,,,,,,,,,,,,,,,,,,,,,,,,,,,,,,,,,,,,,,,,,,,,,,,,,,,,,,,,
W,Miscellaneous ,GlobalCompact,MulDiv,LocalShrink,CLSIDFromString,StringFromCLSID,CLSIDFromProgID,SetMessageQueue,GlobalFix,WriteClassStm,0x%08x,Beep,AbortDoc,EndDoc,Escape,GetCurrencyFormatW,,,,,,,,,,,,,,,,,,,,,,,,,,,,,,,,,,,,,,,,,,,,,,,,,,,,,,,,,,,,,,,,,,,,,,,,,,,,,,,,,,,,,,,,,,,,,,,,,,,,,,,,,,,,,,,,,,,,,,,,,,,,,,,,,,,,,,,,,,,,,,,,,,,,,,,,,,,,,,,,,,,,,,,,,,,,,,,,,,,,,,,,,,,,,,,,,,,,,,,,,,,
X,System Services,DisableThreadLibraryCalls,GetProcAddress,LoadLibraryExA,GetModuleHandleW,GetModuleHandleA,LoadLibraryA,GetCommState,SetCommState,ClearCommError,EscapeCommFunction,ClearCommBreak,SetupComm,GetCommModemStatus,SetCommBreak,GetNamedPipeInfo,CreatePipe,WaitNamedPipeW,CallNamedPipeW,CallNamedPipeA,DisconnectNamedPipe,CreateNamedPipeW,CreateNamedPipeA,WaitNamedPipeA,SetSystemPowerState,GlobalUnfix,TransmitCommChar,LoadModule,DragObject,,,,,,,,,,,,,,,,,,,,,,,,,,,,,,,,,,,,,,,,,,,,,,,,,,,,,,,,,,,,,,,,,,,,,,,,,,,,,,,,,,,,,,,,,,,,,,,,,,,,,,,,,,,,,,,,,,,,,,,,,,,,,,,,,,,,,,,,,,,,,,,,,,,,,,,,,,,,,,,,,,,,,,,,,,,,,,,,,,,,,,,,,,,,,,
Y,,,,,,,,,,,,,,,,,,,,,,,,,,,,,,,,,,,,,,,,,,,,,,,,,,,,,,,,,,,,,,,,,,,,,,,,,,,,,,,,,,,,,,,,,,,,,,,,,,,,,,,,,,,,,,,,,,,,,,,,,,,,,,,,,,,,,,,,,,,,,,,,,,,,,,,,,,,,,,,,,,,,,,,,,,,,,,,,,,,,,,,,,,,,,,,,,,,,,,,,,,,,,,,,,,,,,,,,,,,
Z,,,,,,,,,,,,,,,,,,,,,,,,,,,,,,,,,,,,,,,,,,,,,,,,,,,,,,,,,,,,,,,,,,,,,,,,,,,,,,,,,,,,,,,,,,,,,,,,,,,,,,,,,,,,,,,,,,,,,,,,,,,,,,,,,,,,,,,,,,,,,,,,,,,,,,,,,,,,,,,,,,,,,,,,,,,,,,,,,,,,,,,,,,,,,,,,,,,,,,,,,,,,,,,,,,,,,,,,,,,